[{"model": "movie_quizzes.actor", "pk": 1, "fields": {"name": "로버트 다우 주니어"}}, {"model": "movie_quizzes.actor", "pk": 2, "fields": {"name": "황정민"}}, {"model": "movie_quizzes.actor", "pk": 3, "fields": {"name": "유아인"}}, {"model": "movie_quizzes.actor", "pk": 4, "fields": {"name": "원빈"}}, {"model": "movie_quizzes.actor", "pk": 5, "fields": {"name": "장동건"}}, {"model": "movie_quizzes.actor", "pk": 6, "fields": {"name": "김혜수"}}, {"model": "movie_quizzes.actor", "pk": 7, "fields": {"name": "조승우"}}, {"model": "movie_quizzes.actor", "pk": 8, "fields": {"name": "유해진"}}, {"model": "movie_quizzes.actor", "pk": 9, "fields": {"name": "최민식"}}, {"model": "movie_quizzes.actor", "pk": 10, "fields": {"name": "하정우"}}, {"model": "movie_quizzes.actor", "pk": 11, "fields": {"name": "조진웅"}}, {"model": "movie_quizzes.actor", "pk": 12, "fields": {"name": "마동석"}}, {"model": "movie_quizzes.actor", "pk": 13, "fields": {"name": "이병헌"}}, {"model": "movie_quizzes.actor", "pk": 14, "fields": {"name": "이정재"}}, {"model": "movie_quizzes.actor", "pk": 15, "fields": {"name": "박성웅"}}, {"model": "movie_quizzes.actor", "pk": 16, "fields": {"name": "류승범"}}, {"model": "movie_quizzes.actor", "pk": 17, "fields": {"name": "신민아"}}, {"model": "movie_quizzes.actor", "pk": 18, "fields": {"name": "곽도원"}}, {"model": "movie_quizzes.actor", "pk": 19, "fields": {"name": "류승룡"}}, {"model": "movie_quizzes.actor", "pk": 20, "fields": {"name": "송강호"}}, {"model": "movie_quizzes.actor", "pk": 21, "fields": {"name": "유지태"}}, {"model": "movie_quizzes.actor", "pk": 22, "fields": {"name": "김래원"}}, {"model": "movie_quizzes.actor", "pk": 23, "fields": {"name": "이영애"}}, {"model": "movie_quizzes.actor", "pk": 24, "fields": {"name": "조정석"}}, {"model": "movie_quizzes.actor", "pk": 25, "fields": {"name": "엠마 왓슨"}}, {"model": "movie_quizzes.actor", "pk": 26, "fields": {"name": "손예진"}}, {"model": "movie_quizzes.movie", "pk": 1, "fields": {"title": "아이언맨", "title_initial": "ㅇㅇㅇㅁ", "actors": [1]}}, {"model": "movie_quizzes.movie", "pk": 2, "fields": {"title": "베테랑", "title_initial": "ㅂㅌㄹ", "actors": [2, 3]}}, {"model": "movie_quizzes.movie", "pk": 3, "fields": {"title": "아저씨", "title_initial": "ㅇㅈㅆ", "actors": [4]}}, {"model": "movie_quizzes.movie", "pk": 4, "fields": {"title": "친구", "title_initial": "ㅊㄱ", "actors": [5]}}, {"model": "movie_quizzes.movie", "pk": 5, "fields": {"title": "타짜", "title_initial": "ㅌㅉ", "actors": [6, 7, 8]}}, {"model": "movie_quizzes.movie", "pk": 6, "fields": {"title": "범죄와의 전쟁", "title_initial": "ㅂㅈㅇㅇ ㅈㅈ", "actors": [9, 10, 11, 12]}}, {"model": "movie_quizzes.movie", "pk": 7, "fields": {"title": "내부자들", "title_initial": "ㄴㅂㅈㄷ", "actors": [7, 13]}}, {"model": "movie_quizzes.movie", "pk": 8, "fields": {"title": "관상", "title_initial": "ㄱㅅ", "actors": [14]}}, {"model": "movie_quizzes.movie", "pk": 9, "fields": {"title": "신세계", "title_initial": "ㅅㅅㄱ", "actors": [2, 9, 14, 15]}}, {"model": "movie_quizzes.movie", "pk": 10, "fields": {"title": "말아톤", "title_initial": "ㅁㅇㅌ", "actors": [7]}}, {"model": "movie_quizzes.movie", "pk": 11, "fields": {"title": "부당거래", "title_initial": "ㅂㄷㄱㄹ", "actors": [2]}}, {"model": "movie_quizzes.movie", "pk": 12, "fields": {"title": "달콤한 인생", "title_initial": "ㄷㅋㅎ ㅇㅅ", "actors": [13, 17]}}, {"model": "movie_quizzes.movie", "pk": 13, "fields": {"title": "곡성", "title_initial": "ㄱㅅ", "actors": [2]}}, {"model": "movie_quizzes.movie", "pk": 14, "fields": {"title": "극한직업", "title_initial": "ㄱㅎㅈㅇ", "actors": [19]}}, {"model": "movie_quizzes.movie", "pk": 15, "fields": {"title": "살인의 추억", "title_initial": "ㅅㅇㅇ ㅊㅇ", "actors": [20]}}, {"model": "movie_quizzes.movie", "pk": 16, "fields": {"title": "올드보이", "title_initial": "ㅇㄷㅂㅇ", "actors": [9, 21]}}, {"model": "movie_quizzes.movie", "pk": 17, "fields": {"title": "해바라기", "title_initial": "ㅎㅂㄹㄱ", "actors": [22]}}, {"model": "movie_quizzes.movie", "pk": 18, "fields": {"title": "봄날은 간다", "title_initial": "ㅂㄴㅇ ㄱㄷ", "actors": [23]}}, {"model": "movie_quizzes.movie", "pk": 19, "fields": {"title": "엑시트", "title_initial": "ㅇㅅㅌ", "actors": [24]}}, {"model": "movie_quizzes.movie", "pk": 20, "fields": {"title": "해리포터", "title_initial": "ㅎㄹㅍㅌ", "actors": [25]}}, {"model": "movie_quizzes.movie", "pk": 21, "fields": {"title": "추격자", "title_initial": "ㅊㄱㅈ", "actors": [10]}}, {"model": "movie_quizzes.movie", "pk": 22, "fields": {"title": "친절한 금자씨", "title_initial": "ㅊㅈㅎ ㄱㅈㅆ", "actors": [23]}}, {"model": "movie_quizzes.movie", "pk": 23, "fields": {"title": "건축학개론", "title_initial": "ㄱㅊㅎㄱㄹ", "actors": [24]}}, {"model": "movie_quizzes.movie", "pk": 24, "fields": {"title": "내 머리 속의 지우개", "title_initial": "ㄴ ㅁㄹ ㅅㅇ ㅈㅇㄱ", "actors": [26]}}, {"model": "movie_quizzes.movie_image", "pk": 1, "fields": {"movie": 2, "image_url": "https://ohfun.net/contents/article/images/2016/0517/1463452451022153.jpeg"}}, {"model": "movie_quizzes.movie_image", "pk": 2, "fields": {"movie": 2, "image_url": "https://image.cine21.com/resize/cine21/site/2015/0806/17_30_51__55c31b3b18001[W680-].jpg"}}, {"model": "movie_quizzes.movie_image", "pk": 3, "fields": {"movie": 2, "image_url": "https://image.cine21.com/resize/cine21/site/2015/0806/17_31_55__55c31b7b50a4d[W680-].jpg"}}, {"model": "movie_quizzes.movie_image", "pk": 4, "fields": {"movie": 3, "image_url": "http://db.kookje.co.kr/news2000/photo/2018/0201/L20180201.99099000012i1.jpg"}}, {"model": "movie_quizzes.movie_image", "pk": 5, "fields": {"movie": 3, "image_url": "https://encrypted-tbn0.gstatic.com/images?q=tbn:ANd9GcQUtjQG7XE4AsU7XDahFiZZfqEwYno9ae1jgg&usqp=CAU"}}, {"model": "movie_quizzes.movie_image", "pk": 6, "fields": {"movie": 3, "image_url": "https://images.chosun.com/resizer/6w8SBDDpnXYhooM6sL6PXXNFafE=/616x0/smart/cloudfront-ap-northeast-1.images.arcpublishing.com/chosun/2ZFUNG7PERGLXIJXVWAXIMKGKI.JPG"}}, {"model": "movie_quizzes.movie_image", "pk": 7, "fields": {"movie": 3, "image_url": "http://storage.enuri.info/pic_upload/knowbox/mobile_img/202104/2021042508104485184.jpg"}}, {"model": "movie_quizzes.movie_image", "pk": 8, "fields": {"movie": 3, "image_url": "https://imgbntnews.hankyung.com/bntdata/images/photo/201008/36b199f2a74a55701556e64197a26cdc.jpg"}}, {"model": "movie_quizzes.movie_image", "pk": 9, "fields": {"movie": 3, "image_url": "https://t1.daumcdn.net/cfile/tistory/12679C184CF91CCD37"}}, {"model": "movie_quizzes.movie_image", "pk": 10, "fields": {"movie": 3, "image_url": "https://t1.daumcdn.net/cfile/tistory/166157194CF91D1E01"}}, {"model": "movie_quizzes.movie_image", "pk": 11, "fields": {"movie": 3, "image_url": "https://t1.daumcdn.net/cfile/tistory/205B2B194CF91D6E06"}}, {"model": "movie_quizzes.movie_image", "pk": 12, "fields": {"movie": 2, "image_url": "https://cdn.dailyimpact.co.kr/news/photo/201712/44057_5365_1438.jpg"}}, {"model": "movie_quizzes.movie_image", "pk": 13, "fields": {"movie": 2, "image_url": "https://cdn.econovill.com/news/photo/201508/259951_56386_1013.jpg"}}, {"model": "movie_quizzes.movie_image", "pk": 14, "fields": {"movie": 2, "image_url": "https://image.kmib.co.kr/online_image/2015/0817/201508171816_61180009759415_1.jpg"}}, {"model": "movie_quizzes.movie_image", "pk": 15, "fields": {"movie": 2, "image_url": "https://images.chosun.com/resizer/UGxoDUilgYzMLj1I44tXeWuxxlc=/616x0/smart/cloudfront-ap-northeast-1.images.arcpublishing.com/chosun/VH7UALUKGMHRZ2V75FTJDCCBPE.jpg"}}, {"model": "movie_quizzes.movie_image", "pk": 16, "fields": {"movie": 2, "image_url": "https://dispatch.cdnser.be/wp-content/uploads/2015/08/20150821230608_zzc.jpg"}}, {"model": "movie_quizzes.movie_image", "pk": 17, "fields": {"movie": 7, "image_url": "https://ohfun.net/contents/article/images/2016/0919/1474270983560337.jpg"}}, {"model": "movie_quizzes.movie_image", "pk": 18, "fields": {"movie": 7, "image_url": "http://www.sisaweek.com/news/photo/201704/90449_70645_2149.jpg"}}, {"model": "movie_quizzes.movie_image", "pk": 19, "fields": {"movie": 7, "image_url": "https://media.timeout.com/images/102929195/750/422/image.jpg"}}, {"model": "movie_quizzes.movie_image", "pk": 20, "fields": {"movie": 7, "image_url": "https://img.hankyung.com/photo/201511/01.10800204.1.jpg"}}, {"model": "movie_quizzes.movie_image", "pk": 21, "fields": {"movie": 7, "image_url": "https://file2.nocutnews.co.kr/newsroom/image/2015/12/28/20151228155111119084.jpg"}}, {"model": "movie_quizzes.movie_image", "pk": 22, "fields": {"movie": 7, "image_url": "https://file.mk.co.kr/mkde/N0/2021/12/20211224_5050500_1640325602.jpeg"}}, {"model": "movie_quizzes.movie_image", "pk": 23, "fields": {"movie": 7, "image_url": "http://file3.instiz.net/data/file3/2018/08/17/b/7/3/b73d88235b7004a34838e1837acbe419.jpg"}}, {"model": "movie_quizzes.movie_image", "pk": 24, "fields": {"movie": 7, "image_url": "http://minzokilbo.com/wp/wp-content/uploads/2021/09/2110_%E1%84%92%E1%85%A1%E1%86%BC%E1%84%8C%E1%85%A2%E1%86%BC%E1%84%8B%E1%85%B4%E1%84%80%E1%85%B5%E1%84%80%E1%85%AA%E1%86%AB%E1%84%8E%E1%85%A1_%E1%84%8B%E1%85%B0%E1%86%B8_%E1%84%83%E1%85%AE%E1%84%8D%E1%85%A9%E1%86%A8_51-1-e1633079250484.png"}}, {"model": "movie_quizzes.movie_image", "pk": 25, "fields": {"movie": 11, "image_url": "https://img.huffingtonpost.com/asset/5da004b92100004207344134.png?ops=scalefit_630_noupscale"}}, {"model": "movie_quizzes.movie_image", "pk": 26, "fields": {"movie": 11, "image_url": "http://ojsfile.ohmynews.com/STD_IMG_FILE/2011/0124/IE001273477_STD.jpg"}}, {"model": "movie_quizzes.movie_image", "pk": 27, "fields": {"movie": 11, "image_url": "https://cdn.topstarnews.net/news/photo/201808/469196_124057_3536.jpg"}}, {"model": "movie_quizzes.movie_image", "pk": 28, "fields": {"movie": 11, "image_url": "http://newsimg.hankookilbo.com/2014/11/06/201411061719779265_1.jpg"}}, {"model": "movie_quizzes.movie_image", "pk": 29, "fields": {"movie": 11, "image_url": "https://t1.daumcdn.net/cfile/blog/1812760C4CC63A6091"}}, {"model": "movie_quizzes.movie_image", "pk": 30, "fields": {"movie": 11, "image_url": "https://t1.daumcdn.net/cfile/blog/2012760C4CC63A6192"}}, {"model": "movie_quizzes.movie_image", "pk": 31, "fields": {"movie": 11, "image_url": "https://www.economytalk.kr/news/photo/201411/126463_3655_1015.jpg"}}, {"model": "movie_quizzes.movie_image", "pk": 32, "fields": {"movie": 11, "image_url": "http://www.mediaus.co.kr/news/photo/201011/14406_25652_1556.jpg"}}, {"model": "movie_quizzes.movie_image", "pk": 33, "fields": {"movie": 9, "image_url": "https://cdn.topstarnews.net/news/photo/201909/674018_381199_1711.jpg"}}, {"model": "movie_quizzes.movie_image", "pk": 34, "fields": {"movie": 9, "image_url": "http://image.yes24.com/images/chyes24/b/a/5/a/ba5ac01722f93abd5839b5d92f5a104c.jpg"}}, {"model": "movie_quizzes.movie_image", "pk": 35, "fields": {"movie": 9, "image_url": "http://image.yes24.com/images/chyes24/1/2/6/3/1263776f03ebb192b38eb3594c07e0d3.jpg"}}, {"model": "movie_quizzes.movie_image", "pk": 36, "fields": {"movie": 9, "image_url": "http://image.yes24.com/images/chyes24/c/d/5/1/cd515541f56dea9b581b1c2192238b4b.jpg"}}, {"model": "movie_quizzes.movie_image", "pk": 37, "fields": {"movie": 9, "image_url": "https://img3.daumcdn.net/thumb/R658x0.q70/?fname=https://t1.daumcdn.net/news/202105/25/feelthemovie/20210525085913085ynpp.jpg"}}, {"model": "movie_quizzes.movie_image", "pk": 38, "fields": {"movie": 9, "image_url": "https://img1.daumcdn.net/thumb/R658x0.q70/?fname=https://t1.daumcdn.net/news/202105/25/feelthemovie/20210525085915579zite.png"}}, {"model": "movie_quizzes.movie_image", "pk": 39, "fields": {"movie": 9, "image_url": "https://img4.daumcdn.net/thumb/R658x0.q70/?fname=https://t1.daumcdn.net/news/202105/25/feelthemovie/20210525085921109lgtp.jpg"}}, {"model": "movie_quizzes.movie_image", "pk": 40, "fields": {"movie": 9, "image_url": "http://www.newsa.co.kr/news/photo/201302/53913_40840_0000.jpg"}}, {"model": "movie_quizzes.movie_image", "pk": 41, "fields": {"movie": 2, "image_url": "https://image.cine21.com/resize/cine21/site/2015/0806/17_31_34__55c31b6667c33[W680-].jpg"}}, {"model": "movie_quizzes.movie_image", "pk": 42, "fields": {"movie": 2, "image_url": "https://image.cine21.com/resize/cine21/site/2015/0806/17_34_13__55c31c0502aaa[W680-].jpg"}}, {"model": "movie_quizzes.movie_image", "pk": 43, "fields": {"movie": 3, "image_url": "https://i.ytimg.com/vi/u1VezOU7bt4/maxresdefault.jpg"}}, {"model": "movie_quizzes.movie_image", "pk": 44, "fields": {"movie": 3, "image_url": "https://w.namu.la/s/d2acbf2083f0ad3fa2af5d5adc4cc2adfffb3ddb463c7136cf205eff642f56beef9cd76c70741ef8e5c01d1017c14726b08c9651c2fed6f32bd4a6ad6f57c5f9dd3888664990f279479445f0e7cd5ad23f12ccd81e4b152fb7c4bec7184fef90"}}, {"model": "movie_quizzes.movie_image", "pk": 45, "fields": {"movie": 9, "image_url": "data:image/jpeg;base64,/9j/4AAQSkZJRgABAQAAAQABAAD/2wCEAAoHCBYVFRgVFRYZGRgYGBgaGhwYGBgYGhoYGBgaGhgaGBgcIS4lHB4rIRgYJjgmKy8xNTU1GiQ7QDs0Py40NTEBDAwMEA8QGhISGDQhISE0NDQ0MTE0NDQ0NDExNDQxNDQ0NDQ0NDE0NDE0PzQ/MTE1Pz80NDQ0PzQxMTExNDExMf/AABEIAK0BIwMBIgACEQEDEQH/xAAcAAABBQEBAQAAAAAAAAAAAAAFAAMEBgcCAQj/xAA/EAACAQIEBAQDBQYFAwUAAAABAgADEQQFEiEGMUFRImFxgRORoQcyQrHBUmJy0eHwFBUjM6KCkrI0Q8Li8f/EABgBAQEBAQEAAAAAAAAAAAAAAAABAgME/8QAHhEBAQACAwADAQAAAAAAAAAAAAECERIhMQNBUXH/2gAMAwEAAhEDEQA/ALJwowagrDnD+mU3gHE3Vk7Hb3l0tGN3EynbnTFadWitNsvAs80zueQOLRaZ1aIiBzaILOgJ7aBxpiKzu0VoHGieaI5aK0DjRPNE7IitA40Sr8cZ/wD4SkNBTW5IszFSEANytgTe5Ue8tdpi/wBo2JFTGVGUsBTQUreGzFSSxFzyuSNhfwnyvKsin5piPiEMqqqjbw3O57k739YNnTtczmZaKKKKAooooCiiigKKKKAooooCnaH++VvOcTumQDci47d4F84fq/FQKzanUX53JUc722uPyIk6rhR0lFyfMmoVEdLbNvcDcHYgm17Wv85pdRVdUqJ911Dr6HpM2M2BSYUx3dIUpILSDjRM7NGf8c3aKQfeKXpVg4SxHw8QATs4t79JpamY4ahR1deam81XJcYKtJXHaPivWm859iE8tPZ7Ozk5tFPYoHkVp7FA8E9iigeWinsjYvFqggPM1oviDvAWOzFitgIL/wAwqKuxvbvM3JqYrhrE9DiUcZ9UtfQZ4c2rCz227XjkcVqz/MRh8O9Xa6r4L8i7bJfyuQT5AmfO2b0gjsCSzhiHOnSLg8+QO+x5DnNM4rzwVEXWwCU1+I6bh6hYlAiNvptzJtyboLzJ61dnN2NzsPYcgJNkhkCdFDDOU5bq8TdfykbF0QDty/TofeTahsQE70yTSpRtUXQe05hZaYnq4RSeUnJdBAEREs9LLEI5RVMnBG0cocarEUI4nLmU8pEegw5gyyypozFERFKhRRRQFNk4QTXhKYY3ZR81YkqR9R5FTMbmqfZZU10qiXJKEbE3styRYdB4j8oKuFPKUbbl6Tp+DkcX1uPkZPoqywhSx1hYqfaTim4pVTgM3Nqv/D+sUuv+NHYzyTidMdxA3hnhXiUUG+G5sGO0H1qMq3El1Zbd+nOcsPXbLxvlLMVYXB5x8Yod5meQ46p8FC9wbDvCaZoe878nHS9jEidisJSBmxHWOJnB7xyNLmKonQqCVFM4MdTOZeRpadQnuoSsjOROxnI7xtND+IrqilmNgJSsbmLVXLILpewPf+kazTMTXJQmyDnva/l6SZg9OgWtYSW7ake4aqxGwvOMdRGnVyPlPUdUJN7CB87zmiuxaRo8uLsjWF7Sp4riAhiASPIybSxaFSyON+l4DxdDW19O/cTIg57jtYUEbm9zYXttax+cF5bhDVqKg6nf0HOd5hWu2kfh8PyO9vcmGeFsASr1e/gX9T/faa8iCeKolEKhdiLc73W1jy78vnKtja9z5/38pbcfROjSXKBjdi37PQAmVbHYIIfA4ceRUn/iTMiHSST6dOcUEk5RYRa1IZRN5KUWnlCwndMAm8xVTKTyfRTrI+Gw994SXD2EyqO2HDDlIxy0HoIWRY4olgp2Z5Na5C+4lcqLYkdpp+NtpMzjMltUb1/WdMaxYiRRRTbJTWfsYtoxF7X1J6kWP0/nMmvNO+yyoKdKq5vdnCjtZRfb3b6QlauVE5KiAmzgd40+bzW00P7RSs/5wYpORpW3W4kA4ZA4dwCRyvCb7QdmSllAUXPlPNK9FSq2Zoot+UZo4tXPhMHNgqhXxKZFy/CuatkPLneaxrOUWMox5Qjg8vuLmO4KqKaWfnAOP43p0W0opfvbp7mdWFqXCU0F3Pzkmlh6NRLow9jKJiuOaNVdLIwvz2BgDC581JyaLeAm9jeBpz5SbnxQZmqGgjOx5CReHuJS7H4rAdhG+OcwWph2sflCgWS5qtXW1ZtNvu9BC2W5pRUENiLDpvaZt8Q2t0nirc2EaTbQc5zyiqEU62tjytv+Uo1fEFjfUSYXy3ht6gBhscG2G3OZ5SLxtUlWboTCuWZk6HfcdoepcItqt0ljyvhhFtcX9ZLlDjWXvQZ62hQbs+lQefiO35zVMPh6OEpKjmwRRf16n1O84weSp/mD4gDw0Ka322NVgQPkv1tKhxninqVCL7A7Ca2a0sWPz7Lq40ktcftIbH9JTMTTQuTSBVL7Am/vvBJw7DpCWAqbgNJkkEKWHFuUarMBDRpgUy3lAvwrm5nOV0OIlhO0qKOs8rEABes9SltygEsscE2vDFoGwlFOZuPMbQnST9lr+sB6OAbTxE7ySiCIUIzNrISTaZ7jGu5Mv/E72p7defpM8c73nXGMU3FOntc25X29JzNMkJouRn4eGpqL7rqPqxLfqJSslwfxqyIeRN2/hUXP5W95oTL0AsBsAOgkojnGNeTaVUmcUqAkxcPYXtAb0xR6m9wIoEPE3ttzh/hvJyFvUW7H8oLVLML9xL7gmUopv0nDGO9QMRlaEcpWsvy+nRrvcbva0umIqAA7zKs+4qVKzoVNwbAzpIxlU/inFLR1dbg2mVObknufzhDNs2eux1NcX29JdPs84UWoRWqi/VQenn6zfjHqpYHhjE1RdaZA7tt9JaMm+z9zvUNj2E2WnlYUDw7ekkUcH2El3VkZFmnAjhNVM2YfWUbOEroPh1AQAfafTVbBbcpT+JeHUrKVZecnjXHb58hPIqOuoAZ7n2VNh6rIeXNT3EsXBuTMQKrDY8vSXK9MzHvS7ZRhQqgWhtcMCIFGZafAiFm+k5TE4nVd7AdhOPjqNNgwOUk4ejbnIWHrlhz3nFR3J0g2vsPeWUqDm2LGHoOzW1VHZjbbb7qDz2UTM8e+ty3czROI8ElcaHYhV2UqQDsLC1+czvMMvNFh/qa01fdvpbSOjW5Gbc67p0AwjRw41DpImAr1S4RbeI2Aa49PEOXqdpMxqVKTlKikMvuCDyII5gyWWJuCVWoQgXzjRpnn5SNQxSuQDsb8pYxgrgGZt03AE0SlmYXJ3tOFzHSTqQH6fWWdcACwLdI61GiTbSJJl+pdhGHzzDkAMhW3vJ2FxNFzam9m7Ge4nJMO/Qj+E2+ZgXHcPtTYPTvtY77kHyM11U7i1CmeseQSLgMUxUB+dhJjRel9CeIMPrQgc+koWOoBRfoV29QQbfImaPmCXQ+kzzPH8QUixHP1G01je2coExRTtFJIAFydgBuSTyAE6MrVwBhNVSo/7CAf95/+pl0TD7wdwhl5oUPECGc62BFio5BSDvsN/UmWTDUwxkHOFwFyCZMrYYAbSbl9BqjEKPCNveHK+T+GTbUxZ5UAuYpZqvDy3MUbNA9SjGMTjKqBQp8JhGqsmYbL1dBcTj/HUMrYwrSLs3SYvmuJL1XY9SflNc4zwjJh2CbbTGKnM+s64ueRzDU9TqvcgfWfRHBwREW5GwExDhXJTiHubhV6jvNVw+Dpoli55dzGV7MY0Rs4pjbUJ4c2pgXuJmVPBjVdGb5mWJMrd6e5PKZ5VvjBTEcV0gbahftIzZstTkp+UplTLTTckLc35mH8squbAqImRpTPtKy7WVZV3W/ToZYOHsJowyLb8I/KWTMMqV0LMN7SDgVAQDtJVsnoPXo1V2RQPMxvD0a9j8RlJ6WvylnfSwtID4YAzOgxlWHYtvJuPwxV1boLn6G31tJeBQAi094hbTSv3NvpLJ0Wsy4izFtekEj9IEXC3OoyVmIu533vGlqEC0JoyyKNwLHuIzXRnIZ2Yhbc2J2HTePvbnBmMxR5CWbYqHVJNQaed9rTXcFh7Uk1c9IvM84Zy7XUViL2N5p7odIEZ9rjFfzKtpbQOsrVbNVDWDC9+4hzP8Ldj2KkHv7Si4jLWubSYyX1bueLtldcsb9D16fOWNUuNxKHw/hVRdQeqtUhhoVDpvc6WLE6XBFhawtvLThczdFArpp7OviQjpqt9w/MecZY68JdiVTCA7jaefDtO6FUMLgxyo0m10h10BBB6zOeKaBR1BN9tj1tva80txM54zraq2n9kW/v5zWHrOXity98KcPFR8eoBqIBpg3up3uSO8rOSYUPXoqRzNz1FgSd/lNTqWQKByC7D6Cbzy10mOOzlaoSgLG5FxfuFO0cylydXlOGw+mmoPOxJ9TvG8qezaP2mAieF1toOR0giDbc7mFDV2kXBoAgBPSSxUUDmJmNIVTmdopILLFKaUJ5Oy3GWXQfaQXnlNtJvOcaOcT1B8B9Q/C35TAW3PrN2zj/AFqTqNiVI+kwuqhVip5qSD6gzri55Nl4IygJh023YAn1MsT5RflBfCWKvh0P7o/KWNMUJl0niPg8vCG5EtmCQFLWlXavqYdus9xPFlOkdCm5/KXciXG2JeYYZFY3Eao0lHKDmzb/ABFwBv3jFLGMjaXk2uhvFt4CL9JWcNiLq37rEQ69TUp9JUMI+itUQn7zah7yUHKNSc4qtaMAnpPUoMTdth5ySWm5EpcxpppBYXPSM8VY8HDgjoT+UYxWXU3YM3McrQRxeNGG8N/vi9z0IM1xsjPKVSDULEnzj1KmTGMMQYUoECZt0uw3HsEBvA+HXWSw5AwnnWmo4PMKLEDr2jmDw4WyC227W/aO5HoOXtNTqbZvdWrg/A2GoiWyom0D5NTIUAbAD9JLxGL0m195nfTegjOWHTnAoVSbnY9YQzKvraQ2wxM57XSZg3TltCT4RHAvY/WV+hhGveWfL6BC7yw0bpUNOyiw7R1zJbJIbDeVHjmwJPICZnjMOa1Ucw1RiRtyFyAPYeI+UvnEuJNPDuV5kWHuN4O4ey0PqqsCENggIsSigXJPZmF7TePXbFm7oMyDJSlTUA17WJIsLG3L5S8YahrYdkt84qNEu1hZQTzPIDzlvweDoomlGVu5BGonqT2lxlyu6uWUxmorWNG0H5NRviE8iT8v/wBljrZfrcqrdd7/AN/3aTMuyAU3D3uZuxzxTWqJbxvbbvaV3EY1hUCo5ZSfWEOI8tRrEi8ZyTLU1Cy2sZz9dhikj2HOKWAIs8muLHJm9ZrAmQaGMZzYDrHsdiAiktyEBtnaA+Eb+QnPTe1qYgD2mN8T4Yf4tlTYMR8zzml0a71RysJUuMsj0g1h94c5vG9sZdrpwxh9FFEvyAhSs1pVPs/xjtQu97AkBiLXHSx6y2PYxca1MoIZa6Kvi6wdmNOiWJsLnrtIOIpMx2ew8ohhkt4rt6yyU5RKwuKROREVaqlXccxIyIi8gPlPWxIHl9Jrizcp9CtCqFWxPSV/FZUjVvjM7gj8IKhfe4uYnxgjDVyY4xm5UUbFIosP5xo4wHleC3q2jb4q0qCj4y0C8RVi9Bwelj8iIvjX3gfOMWboi7l3VLeTGx/OSgPgB949VBM4xWLKrfqRf5zlLqSDsdwfyMZzCvYLcXFrH0Exrda+kKhj2VtRFwTuPTl7y15FpqDUpHibfuD2MqwwyuLqfntaFclwjI2rUV9D+cuWtGO9tOwtkUKCDftEcKC2omVfCWdgCzG3mf0lkp0yBzPuSZyjoCZrT0v6frHsEgaEMTSDggwTRJptY95m9LsXoYWFKaWFoxl9RWteTKzDpLL1tEavIhSSnaMG5OwueQA5knkBE7KE5zhlqFEf7mq587dPeSDiURQq9AAByG3LeA+NRWweORahur0UZbcgTfUL9SHDC/a0j1cVyN77dJ3mP658vwdOaMNtKj0Y/wAp2mbG/T5/0lcp44NsZ49TzmvGF2websp1KfnuDLDQ4pJWxRT5gkTJ0zArCWGzfzjY0R84Rh41b6GO5ZmVMNu1h0vKZQzFWHOPCqvQycY1yrSf82p/tD5xTN/8RFGl5FmVHWjCAcHgQjjaalgclQ0txctzlYzfJHpNqUXW/uJi/HdbamU2cw1MBRIOc00ddDbqfvDuO0OZVlrMt3225Sm8X4r4XxVU7jwL/E235maxxs7rOWTrLMUHZntZEJSmBsLLszW9dh6ecKNivOV/BMtNES/3VA9wN46cVNMi5r+c4fFecD1K5g7EY0jkYB+rjh3kOpiiesCNi7856cZYc4BxH3jeIzFU2vvK3Ux7m9mt6RYJC7am3Ved+p7QDqV7+In0H6zhKmomRa2JHIT2g9hAmvWCgkwLgNVfFqUF/hqz/oPqRHcwq2UyZ9nif71Qcy6KPQXLD/kJIIXFGCNOsGt4aq6x/ENnHz3/AOoQDi11LNb4yy0VsMjabPSfVsN9DjS4v2vob/omWYmmR7GS9VqdwxlVYU2Af/bJ8W1ypsQDYdO8tuHylmQ1aTAobkL3XpYnrKktA3vbYyfg/iU/9qo6A81DELsb7ryPKMtVZjfpoGAy5kUME8un85Oam/VDy6EfzlewufYoqAFFxYg+Hc2/Fdd18hb1k1MXjW1E1ETWoFggOm19038J363mNRrWSRi8WlIBqrBAeWva85wGMw1djocO1twD8v1gfGZF8Uh67s5VdI1Ek2H9+pk3JcnSiS6qAzbAdh0mcrjDVP0TZym97al8he1jJ9Oq3Jo/RwoUlubNzP6CdMk5WKZvCnDFEPW1HfRvb948ifb9INCajYbDqew7wn9n+HtTesf/AH6ruv8ABcJT/wCKKfedvhx3dsZXpXft6wt0wtYc1apTP/UFZf8Axb5zNsBirrYma99stD4mCQDmtUMPZGB/OYTRqETvXIUr1ipuJJwuYavCfaDar3EiByDILMzSP8Q9IOp45h5jrHXxV+UAmMey8jCOEzzo20qZqzn49oF7/wA4X+zFKL8eKNm306MzRVGnlaC8wzQMLWlbrZjYWvyEgJmWu4MvKt6HcTnGhGYtpVQT5nyEyPOse1R0DG5Z9bet7yycT4wClYndmAHtvKDXqFnvflIlWUYscyZy2YAcjK+ak8+NCbHmzAnrIr1zzgoYoienE3gEhie84q1r2gz4xPLmdh+kmVcMgJVay61JBDKVW45hW3B36m0B7DXdgq82+ncnyhh6gpgIvIdbbk9ZX1rVaBva2ocyAQR+63Ij0MfoYrW12+cAopvvHGq6ReKmBaMmk1QFr6aS3BbqxHNUvzPc8h58oUIx2KJB3Pb+UuXAFHTTUn8TMwH0v9JRMwe7WtYDZQOQHvuSepO5mhcOIyU0FuSD523+sI0jD4UOjI3J1Kn0YWmLY6hZmDcwSD6g2P1mr5XVfaxsJnXHOGeji2JHgq/6iH1++vqGufRhJlNtY0Iwh0+EjaEqFNbwalzJuFpm85ZOsWfK6AtaFlw6rygXLw2whukh5kznuj1KFzc+0dKgTvXYSOzwHviWjbVNXKNkX6wdmGO02Snu7HSoHMseg/n05xIJOI1VXGFpkgvvUYfgp/i36Mfuj1v0l/wNIIioosFAAA6ACwEr/DWU/BQsx1O+7t3PQD90dP6ywK09WGOo5ZXas/aOmugFHRg3yIP6TAK9PS7L+yxHyNp9BcTENsexmE5/R0V6g7nV/wBwB/UzV9ZRadSNtOIryBxXtPWa0ajlOmTy6dTsB6npA8LzzVO3CgbEk+lh7dT9I1A9vFPIoGsIxZrDedY6klLQSw1u1rDkBYk3PflGc7qmjhmambPb73Xft2lMzbMH/wBHf8Abn1MzFp/iytdxvso2ErJO95OzWqWa57CDxNIc1TktOYoCvFeKKA7hz41/iX8xPcZ99/4m/MxYP/cT+JfzE8xJ8bfxH84HdLFMuwOx5g7qfVTtH6bU26lG92Q//Jfr7SAI7RS5A84Fly/ANpD1DqU/dRGuGF/vO4/D+6Nz5Qlj6p0hQBsLAAWVR0AA5ek5wdMKoUcgNp5jT4T6SKq+FpfExCJz1VFU+moX+l5tmCy0EX6TGeG//VU/In/xM2TKMU2kCVB7DZXcbNaQuIuFUxFH4bsbhtVNxuyPa3LqpHMdfUAifRxbARtsQzMLnbtCspx2Q1sMbVEuo5Om6MOhv+H0No9gUW+802vuLGCcTk9E76AD3Xw/lOeXx78amQbgSmnc7x16wHWd08ppjq//AHf0jmJySlUUDxKe4Y39+/vMcF5BlbMlG14y+ZLbnKxnV8PVNK+u3W2nY9Lb7+cYw1RqpCKQmogXtqtsTcC47TPDtdjOLzpiwRAWdjZUXdmP6Dzls4ZyA0/9WsQ1VhyH3aan8Kd/NuvpOOGMip0F1LdnP3nbdj79B5CWekJ3xwkZyp9Y6X2jM4edGALOnu1utpjvFtB1ram/ECB7H+omw41vG3rM04+P3T+9b6f0maKXFFFAQnRcn07dJzFAUUUUBRRRQP/Z"}}, {"model": "movie_quizzes.movie_image", "pk": 46, "fields": {"movie": 9, "image_url": "https://i.ytimg.com/vi/26UdqxaEqlI/maxresdefault.jpg"}}, {"model": "movie_quizzes.movie_image", "pk": 47, "fields": {"movie": 11, "image_url": "https://file.newswire.co.kr/data/datafile2/thumb_480/2010/09/2039103817_20100930103714_1346944585.jpg"}}, {"model": "movie_quizzes.movie_image", "pk": 48, "fields": {"movie": 11, "image_url": "https://cineplay.co.kr/wp-content/uploads/2021/09/post_31724756_5585751_12.jpg"}}, {"model": "movie_quizzes.movie_image", "pk": 49, "fields": {"movie": 7, "image_url": "https://www.kyobostory.co.kr/resources/front/images/contents/inside/20191226/img05.png"}}, {"model": "movie_quizzes.movie_image", "pk": 50, "fields": {"movie": 7, "image_url": "https://t1.daumcdn.net/cfile/tistory/2302E04D58A2BB9321"}}, {"model": "movie_quizzes.famous_line", "pk": 1, "fields": {"movie": 1, "line": "아임 아이언맨", "line_initial": "ㅇㅇ ㅇㅇㅇㅁ"}}, {"model": "movie_quizzes.famous_line", "pk": 2, "fields": {"movie": 3, "line": "이거 방탄 유리야 이 개새끼야!", "line_initial": "ㅇㄱ ㅂㅌ ㅇㄹㅇ ㅇ ㄱㅅㄲㅇ!"}}, {"model": "movie_quizzes.famous_line", "pk": 3, "fields": {"movie": 3, "line": "금이빨 빼고 모조리 씹어먹어줄게", "line_initial": "ㄱㅇㅃ ㅃㄱ ㅁㅈㄹ ㅆㅇㅁㅇㅈㄱ"}}, {"model": "movie_quizzes.famous_line", "pk": 4, "fields": {"movie": 5, "line": "나 이대 나온 여자야", "line_initial": "ㄴ ㅇㄷ ㄴㅇ ㅇㅈㅇ"}}, {"model": "movie_quizzes.famous_line", "pk": 5, "fields": {"movie": 4, "line": "내가 니 시다바리가", "line_initial": "ㄴㄱ ㄴ ㅅㄷㅂㄹㄱ"}}, {"model": "movie_quizzes.famous_line", "pk": 6, "fields": {"movie": 4, "line": "니가 가라 하와이", "line_initial": "ㄴㄱ ㄱㄹ ㅎㅇㅇ"}}, {"model": "movie_quizzes.famous_line", "pk": 7, "fields": {"movie": 4, "line": "고마해라 마이 무따이가", "line_initial": "ㄱㅁㅎㄹ ㅁㅇ ㅁㄸㅇㄱ"}}, {"model": "movie_quizzes.famous_line", "pk": 8, "fields": {"movie": 19, "line": "따따따 따 따 따 따따따", "line_initial": "ㄸㄸㄸ ㄸ ㄸ ㄸㄸㄸ"}}, {"model": "movie_quizzes.famous_line", "pk": 9, "fields": {"movie": 7, "line": "모히또 가서 몰디브 한 잔?", "line_initial": "ㅁㅎㄸ ㄱㅅ ㅁㄷㅂ ㅎ ㅈ?"}}, {"model": "movie_quizzes.famous_line", "pk": 10, "fields": {"movie": 8, "line": "내가 왕이 될 상인가?", "line_initial": "ㄴㄱ ㅇㅇ ㄷ ㅅㅇㄱ?"}}, {"model": "movie_quizzes.famous_line", "pk": 11, "fields": {"movie": 10, "line": "초원이 다리는 백만불짜리 다리", "line_initial": "ㅊㅇㅇ ㄷㄹㄴ ㅂㅁㅂㅉㄹ ㄷㄹ"}}, {"model": "movie_quizzes.famous_line", "pk": 12, "fields": {"movie": 10, "line": "우리 아이에게는 장애가 있어요", "line_initial": "ㅇㄹ ㅇㅇㅇㄱㄴ ㅈㅇㄱ ㅇㅇㅇ"}}, {"model": "movie_quizzes.famous_line", "pk": 13, "fields": {"movie": 2, "line": "어이가 없네", "line_initial": "ㅇㅇㄱ ㅇㄴ"}}, {"model": "movie_quizzes.famous_line", "pk": 14, "fields": {"movie": 9, "line": "드루와 드루와", "line_initial": "ㄷㄹㅇ ㄷㄹㅇ"}}, {"model": "movie_quizzes.famous_line", "pk": 15, "fields": {"movie": 11, "line": "호의가 계속되면 그게 권리인줄 알아", "line_initial": "ㅎㅇㄱ ㄱㅅㄷㅁ ㄱㄱ ㄱㄹㅇㅈ ㅇㅇ"}}, {"model": "movie_quizzes.famous_line", "pk": 16, "fields": {"movie": 12, "line": "넌 나에게 모욕감을 줬어", "line_initial": "ㄴ ㄴㅇㄱ ㅁㅇㄱㅇ ㅈㅇ"}}, {"model": "movie_quizzes.famous_line", "pk": 17, "fields": {"movie": 13, "line": "뭣이 중헌디", "line_initial": "ㅁㅇ ㅈㅎㄷ"}}, {"model": "movie_quizzes.famous_line", "pk": 18, "fields": {"movie": 14, "line": "지금까지 이런 맛은 없었다 이것은 갈비인가 통닭인가", "line_initial": "ㅈㄱㄲㅈ ㅇㄹ ㅁㅇ ㅇㅇㄷ ㅇㄱㅇ ㄱㅂㅇㄱ ㅌㄷㅇㄱ"}}, {"model": "movie_quizzes.famous_line", "pk": 19, "fields": {"movie": 5, "line": "동작 그만 밑장빼기냐?", "line_initial": "ㄷㅈ ㄱㅁ ㅁㅈㅃㄱㄴ?"}}, {"model": "movie_quizzes.famous_line", "pk": 20, "fields": {"movie": 4, "line": "느그 아부지 뭐하시노?", "line_initial": "ㄴㄱ ㅇㅂㅈ ㅁㅎㅅㄴ?"}}, {"model": "movie_quizzes.famous_line", "pk": 21, "fields": {"movie": 5, "line": "묻고 더블로 가!", "line_initial": "ㅁㄱ ㄷㅂㄹ ㄱ!"}}, {"model": "movie_quizzes.famous_line", "pk": 22, "fields": {"movie": 6, "line": "내가 인마 느그 서장이랑 인마 어저께도 같이 밥 묵고! 싸우나도 같이 가고!", "line_initial": "ㄴㄱ ㅇㅁ ㄴㄱ ㅅㅈㅇㄹ ㅇㅁ ㅇㅈㄲㄷ ㄱㅇ ㅂ ㅁㄱ! ㅆㅇㄴㄷ ㄱㅇ ㄱㄱ!"}}, {"model": "movie_quizzes.famous_line", "pk": 23, "fields": {"movie": 15, "line": "밥은 먹고 다니냐?", "line_initial": "ㅂㅇ ㅁㄱ ㄷㄴㄴ?"}}, {"model": "movie_quizzes.famous_line", "pk": 24, "fields": {"movie": 16, "line": "누구냐 넌?", "line_initial": "ㄴㄱㄴ ㄴ?"}}, {"model": "movie_quizzes.famous_line", "pk": 25, "fields": {"movie": 5, "line": "싸늘하다 가슴에 비수가 날아와 꽃힌다.", "line_initial": "ㅆㄴㅎㄷ ㄱㅅㅇ ㅂㅅㄱ ㄴㅇㅇ ㄲㅎㄷ"}}, {"model": "movie_quizzes.famous_line", "pk": 26, "fields": {"movie": 5, "line": "내가 빙다리 핫바지로 보이냐?", "line_initial": "ㄴㄱ ㅂㄷㄹ ㅎㅂㅈㄹ ㅂㅇㄴ?"}}, {"model": "movie_quizzes.famous_line", "pk": 27, "fields": {"movie": 9, "line": "죽기 딱 좋은 날씨네", "line_initial": "ㅈㄱ ㄸ ㅈㅇ ㄴㅆㄴ"}}, {"model": "movie_quizzes.famous_line", "pk": 28, "fields": {"movie": 9, "line": "살려는 드릴게", "line_initial": "ㅅㄹㄴ ㄷㄹㄱ"}}, {"model": "movie_quizzes.famous_line", "pk": 29, "fields": {"movie": 6, "line": "살아있네", "line_initial": "ㅅㅇㅇㄴ"}}, {"model": "movie_quizzes.famous_line", "pk": 30, "fields": {"movie": 3, "line": "아직 한 발 남았다", "line_initial": "ㅇㅈ ㅎ ㅂ ㄴㅇㄷ"}}, {"model": "movie_quizzes.famous_line", "pk": 31, "fields": {"movie": 17, "line": "꼭 그렇게 다 가져 가야만 속이 후련했냐!", "line_initial": "ㄲ ㄱㄹㄱ ㄷ ㄱㅈ ㄱㅇㅁ ㅅㅇ ㅎㄹㅎㄴ!"}}, {"model": "movie_quizzes.famous_line", "pk": 32, "fields": {"movie": 7, "line": "요썰고", "line_initial": "ㅇㅆㄱ"}}, {"model": "movie_quizzes.famous_line", "pk": 33, "fields": {"movie": 3, "line": "내일만 사는 놈은 오늘만 사는 놈한테 죽는다", "line_initial": "ㄴㅇㅁ ㅅㄴ ㄴㅇ ㅇㄴㅁ ㅅㄴ ㄴㅎㅌ ㅈㄴㄷ"}}, {"model": "movie_quizzes.famous_line", "pk": 34, "fields": {"movie": 18, "line": "라면 먹을래요?", "line_initial": "ㄹㅁ ㅁㅇㄹㅇ?"}}, {"model": "movie_quizzes.famous_line", "pk": 35, "fields": {"movie": 20, "line": "아브라카다브라", "line_initial": "ㅇㅂㄹㅋㄷㅂㄹ"}}, {"model": "movie_quizzes.famous_line", "pk": 36, "fields": {"movie": 20, "line": "올웨이즈", "line_initial": "ㅇㅇㅇㅈ"}}, {"model": "movie_quizzes.famous_line", "pk": 37, "fields": {"movie": 5, "line": "쏠 수 있어!", "line_initial": "ㅆ ㅅ ㅇㅇ!"}}, {"model": "movie_quizzes.famous_line", "pk": 38, "fields": {"movie": 21, "line": "야 사팔팔오 너지?", "line_initial": "ㅇ ㅅㅍㅍㅇ ㄴㅈ?"}}, {"model": "movie_quizzes.famous_line", "pk": 39, "fields": {"movie": 5, "line": "마포대교는 무너졌냐 이 새끼야?", "line_initial": "ㅁㅍㄷㄱㄴ ㅁㄴㅈㄴ ㅇ ㅅㄲㅇ?"}}, {"model": "movie_quizzes.famous_line", "pk": 40, "fields": {"movie": 22, "line": "너나 잘하세요", "line_initial": "ㄴㄴ ㅈㅎㅅㅇ"}}, {"model": "movie_quizzes.famous_line", "pk": 41, "fields": {"movie": 7, "line": "어차피 대중들은 개, 돼지입니다", "line_initial": "ㅇㅊㅍ ㄷㅈㄷㅇ ㄱ, ㄷㅈㅇㄴㄷ"}}, {"model": "movie_quizzes.famous_line", "pk": 42, "fields": {"movie": 23, "line": "비벼, 막 비벼, 존나 비벼", "line_initial": "ㅂㅂ, ㅁ ㅂㅂ, ㅈㄴ ㅂㅂ"}}, {"model": "movie_quizzes.famous_line", "pk": 43, "fields": {"movie": 2, "line": "우리가 돈이 없지 가오가 없어?", "line_initial": "ㅇㄹㄱ ㄷㅇ ㅇㅈ ㄱㅇㄱ ㅇㅇ?"}}, {"model": "movie_quizzes.famous_line", "pk": 44, "fields": {"movie": 6, "line": "느그 서장 남천동 살제?", "line_initial": "ㄴㄱ ㅅㅈ ㄴㅊㄷ ㅅㅈ?"}}, {"model": "movie_quizzes.famous_line", "pk": 45, "fields": {"movie": 24, "line": "이거 마시면 우리 사귀는거다", "line_initial": "ㅇㄱ ㅁㅅㅁ ㅇㄹ ㅅㄱㄴㄱㄷ"}}]