[{"model": "movie_quizzes.actor", "pk": 1, "fields": {"name": "로버트 다우 주니어"}}, {"model": "movie_quizzes.actor", "pk": 2, "fields": {"name": "황정민"}}, {"model": "movie_quizzes.actor", "pk": 3, "fields": {"name": "유아인"}}, {"model": "movie_quizzes.actor", "pk": 4, "fields": {"name": "원빈"}}, {"model": "movie_quizzes.actor", "pk": 5, "fields": {"name": "장동건"}}, {"model": "movie_quizzes.actor", "pk": 6, "fields": {"name": "김혜수"}}, {"model": "movie_quizzes.actor", "pk": 7, "fields": {"name": "조승우"}}, {"model": "movie_quizzes.actor", "pk": 8, "fields": {"name": "유해진"}}, {"model": "movie_quizzes.actor", "pk": 9, "fields": {"name": "최민식"}}, {"model": "movie_quizzes.actor", "pk": 10, "fields": {"name": "하정우"}}, {"model": "movie_quizzes.actor", "pk": 11, "fields": {"name": "조진웅"}}, {"model": "movie_quizzes.actor", "pk": 12, "fields": {"name": "마동석"}}, {"model": "movie_quizzes.actor", "pk": 13, "fields": {"name": "이병헌"}}, {"model": "movie_quizzes.actor", "pk": 14, "fields": {"name": "이정재"}}, {"model": "movie_quizzes.actor", "pk": 15, "fields": {"name": "박성웅"}}, {"model": "movie_quizzes.actor", "pk": 16, "fields": {"name": "류승범"}}, {"model": "movie_quizzes.actor", "pk": 17, "fields": {"name": "신민아"}}, {"model": "movie_quizzes.actor", "pk": 18, "fields": {"name": "곽도원"}}, {"model": "movie_quizzes.actor", "pk": 19, "fields": {"name": "류승룡"}}, {"model": "movie_quizzes.actor", "pk": 20, "fields": {"name": "송강호"}}, {"model": "movie_quizzes.actor", "pk": 21, "fields": {"name": "유지태"}}, {"model": "movie_quizzes.actor", "pk": 22, "fields": {"name": "김래원"}}, {"model": "movie_quizzes.actor", "pk": 23, "fields": {"name": "이영애"}}, {"model": "movie_quizzes.movie", "pk": 1, "fields": {"title": "아이언맨", "title_initial": "ㅇㅇㅇㅁ", "actors": [1]}}, {"model": "movie_quizzes.movie", "pk": 2, "fields": {"title": "베테랑", "title_initial": "ㅂㅌㄹ", "actors": [2, 3]}}, {"model": "movie_quizzes.movie", "pk": 3, "fields": {"title": "아저씨", "title_initial": "ㅇㅈㅆ", "actors": [4]}}, {"model": "movie_quizzes.movie", "pk": 4, "fields": {"title": "친구", "title_initial": "ㅊㄱ", "actors": [5]}}, {"model": "movie_quizzes.movie", "pk": 5, "fields": {"title": "타짜", "title_initial": "ㅌㅉ", "actors": [6, 7, 8]}}, {"model": "movie_quizzes.movie", "pk": 6, "fields": {"title": "범죄와의 전쟁", "title_initial": "ㅂㅈㅇㅇ ㅈㅈ", "actors": [9, 10, 11, 12]}}, {"model": "movie_quizzes.movie", "pk": 7, "fields": {"title": "내부자들", "title_initial": "ㄴㅂㅈㄷ", "actors": [7, 13]}}, {"model": "movie_quizzes.movie", "pk": 8, "fields": {"title": "관상", "title_initial": "ㄱㅅ", "actors": [14]}}, {"model": "movie_quizzes.movie", "pk": 9, "fields": {"title": "신세계", "title_initial": "ㅅㅅㄱ", "actors": [2, 9, 14, 15]}}, {"model": "movie_quizzes.movie", "pk": 10, "fields": {"title": "말아톤", "title_initial": "ㅁㅇㅌ", "actors": [7]}}, {"model": "movie_quizzes.movie", "pk": 11, "fields": {"title": "부당거래", "title_initial": "ㅂㄷㄱㄹ", "actors": [2]}}, {"model": "movie_quizzes.movie", "pk": 12, "fields": {"title": "달콤한 인생", "title_initial": "ㄷㅋㅎ ㅇㅅ", "actors": [13, 17]}}, {"model": "movie_quizzes.movie", "pk": 13, "fields": {"title": "곡성", "title_initial": "ㄱㅅ", "actors": [2]}}, {"model": "movie_quizzes.movie", "pk": 14, "fields": {"title": "극한직업", "title_initial": "ㄱㅎㅈㅇ", "actors": [19]}}, {"model": "movie_quizzes.movie", "pk": 15, "fields": {"title": "살인의 추억", "title_initial": "ㅅㅇㅇ ㅊㅇ", "actors": [20]}}, {"model": "movie_quizzes.movie", "pk": 16, "fields": {"title": "올드보이", "title_initial": "ㅇㄷㅂㅇ", "actors": [9, 21]}}, {"model": "movie_quizzes.movie", "pk": 17, "fields": {"title": "해바라기", "title_initial": "ㅎㅂㄹㄱ", "actors": [22]}}, {"model": "movie_quizzes.movie", "pk": 18, "fields": {"title": "봄날은 간다", "title_initial": "ㅂㄴㅇ ㄱㄷ", "actors": [23]}}, {"model": "movie_quizzes.movie_image", "pk": 1, "fields": {"movie": 2, "image_url": "https://pds.joins.com/news/component/htmlphoto_mmdata/201508/29/htm_20150829091350949.jpg"}}, {"model": "movie_quizzes.movie_image", "pk": 2, "fields": {"movie": 2, "image_url": "https://w.namu.la/s/1d6ed89b28e72ddd439b36d69582ecd36f6461094c1cf8de9f92169c6beb22039647293e8c30725dd6093c50da02c48403ceaddf617b45962dcfad60bec33717a78a20310f1ce162e6b4f86ed172ce6fd580fb3e818c9261b421d8907960cae4d7104f0411f6123bc36424a7afe96eb0"}}, {"model": "movie_quizzes.movie_image", "pk": 3, "fields": {"movie": 2, "image_url": "https://w.namu.la/s/69c539b761481d8ff36ee8f47c6dfa0677c526114558ad5f0d94abefd5ed6d1f4c4f0cd61514384c40b0862cce8d8b2103db7300768b177dffa5ad806be2479910fa591389ea32833e6904a5fa7c71dd1a128e880382a5e8402774d064410acb42f3579c5b0c8c10a85eb7709c4d104c"}}, {"model": "movie_quizzes.movie_image", "pk": 4, "fields": {"movie": 3, "image_url": "http://db.kookje.co.kr/news2000/photo/2018/0201/L20180201.99099000012i1.jpg"}}, {"model": "movie_quizzes.movie_image", "pk": 5, "fields": {"movie": 3, "image_url": "https://w.namu.la/s/3b8e38e596e65404e93e2fc42747f5c60896f4640689d72f7e4aab86260d418c7ed92f2c981b8909f65d674331fbf82b7ccf35e2f369a99358ca63866870564d18c8a65bc6319e6da11eb843d301ee2dd447a0e03fe24b1da00c50378d63fd561c69dbcb1abec73380fee487b22526f5"}}, {"model": "movie_quizzes.movie_image", "pk": 6, "fields": {"movie": 3, "image_url": "https://images.chosun.com/resizer/6w8SBDDpnXYhooM6sL6PXXNFafE=/616x0/smart/cloudfront-ap-northeast-1.images.arcpublishing.com/chosun/2ZFUNG7PERGLXIJXVWAXIMKGKI.JPG"}}, {"model": "movie_quizzes.movie_image", "pk": 7, "fields": {"movie": 3, "image_url": "http://storage.enuri.info/pic_upload/knowbox/mobile_img/202104/2021042508104485184.jpg"}}, {"model": "movie_quizzes.movie_image", "pk": 8, "fields": {"movie": 3, "image_url": "https://imgbntnews.hankyung.com/bntdata/images/photo/201008/36b199f2a74a55701556e64197a26cdc.jpg"}}, {"model": "movie_quizzes.movie_image", "pk": 9, "fields": {"movie": 3, "image_url": "https://t1.daumcdn.net/cfile/tistory/12679C184CF91CCD37"}}, {"model": "movie_quizzes.movie_image", "pk": 10, "fields": {"movie": 3, "image_url": "https://t1.daumcdn.net/cfile/tistory/166157194CF91D1E01"}}, {"model": "movie_quizzes.movie_image", "pk": 11, "fields": {"movie": 3, "image_url": "https://t1.daumcdn.net/cfile/tistory/205B2B194CF91D6E06"}}, {"model": "movie_quizzes.movie_image", "pk": 12, "fields": {"movie": 2, "image_url": "https://cdn.dailyimpact.co.kr/news/photo/201712/44057_5365_1438.jpg"}}, {"model": "movie_quizzes.movie_image", "pk": 13, "fields": {"movie": 2, "image_url": "https://cdn.econovill.com/news/photo/201508/259951_56386_1013.jpg"}}, {"model": "movie_quizzes.movie_image", "pk": 14, "fields": {"movie": 2, "image_url": "https://image.kmib.co.kr/online_image/2015/0817/201508171816_61180009759415_1.jpg"}}, {"model": "movie_quizzes.movie_image", "pk": 15, "fields": {"movie": 2, "image_url": "https://images.chosun.com/resizer/UGxoDUilgYzMLj1I44tXeWuxxlc=/616x0/smart/cloudfront-ap-northeast-1.images.arcpublishing.com/chosun/VH7UALUKGMHRZ2V75FTJDCCBPE.jpg"}}, {"model": "movie_quizzes.movie_image", "pk": 16, "fields": {"movie": 2, "image_url": "https://dispatch.cdnser.be/wp-content/uploads/2015/08/20150821230608_zzc.jpg"}}, {"model": "movie_quizzes.movie_image", "pk": 17, "fields": {"movie": 7, "image_url": "https://ohfun.net/contents/article/images/2016/0919/1474270983560337.jpg"}}, {"model": "movie_quizzes.movie_image", "pk": 18, "fields": {"movie": 7, "image_url": "http://www.sisaweek.com/news/photo/201704/90449_70645_2149.jpg"}}, {"model": "movie_quizzes.movie_image", "pk": 19, "fields": {"movie": 7, "image_url": "https://media.timeout.com/images/102929195/750/422/image.jpg"}}, {"model": "movie_quizzes.movie_image", "pk": 20, "fields": {"movie": 7, "image_url": "https://img.hankyung.com/photo/201511/01.10800204.1.jpg"}}, {"model": "movie_quizzes.movie_image", "pk": 21, "fields": {"movie": 7, "image_url": "https://file2.nocutnews.co.kr/newsroom/image/2015/12/28/20151228155111119084.jpg"}}, {"model": "movie_quizzes.movie_image", "pk": 22, "fields": {"movie": 7, "image_url": "https://file.mk.co.kr/mkde/N0/2021/12/20211224_5050500_1640325602.jpeg"}}, {"model": "movie_quizzes.movie_image", "pk": 23, "fields": {"movie": 7, "image_url": "http://file3.instiz.net/data/file3/2018/08/17/b/7/3/b73d88235b7004a34838e1837acbe419.jpg"}}, {"model": "movie_quizzes.movie_image", "pk": 24, "fields": {"movie": 7, "image_url": "http://minzokilbo.com/wp/wp-content/uploads/2021/09/2110_%E1%84%92%E1%85%A1%E1%86%BC%E1%84%8C%E1%85%A2%E1%86%BC%E1%84%8B%E1%85%B4%E1%84%80%E1%85%B5%E1%84%80%E1%85%AA%E1%86%AB%E1%84%8E%E1%85%A1_%E1%84%8B%E1%85%B0%E1%86%B8_%E1%84%83%E1%85%AE%E1%84%8D%E1%85%A9%E1%86%A8_51-1-e1633079250484.png"}}, {"model": "movie_quizzes.movie_image", "pk": 25, "fields": {"movie": 11, "image_url": "https://img.huffingtonpost.com/asset/5da004b92100004207344134.png?ops=scalefit_630_noupscale"}}, {"model": "movie_quizzes.movie_image", "pk": 26, "fields": {"movie": 11, "image_url": "http://ojsfile.ohmynews.com/STD_IMG_FILE/2011/0124/IE001273477_STD.jpg"}}, {"model": "movie_quizzes.movie_image", "pk": 27, "fields": {"movie": 11, "image_url": "https://cdn.topstarnews.net/news/photo/201808/469196_124057_3536.jpg"}}, {"model": "movie_quizzes.movie_image", "pk": 28, "fields": {"movie": 11, "image_url": "http://newsimg.hankookilbo.com/2014/11/06/201411061719779265_1.jpg"}}, {"model": "movie_quizzes.movie_image", "pk": 29, "fields": {"movie": 11, "image_url": "https://t1.daumcdn.net/cfile/blog/1812760C4CC63A6091"}}, {"model": "movie_quizzes.movie_image", "pk": 30, "fields": {"movie": 11, "image_url": "https://t1.daumcdn.net/cfile/blog/2012760C4CC63A6192"}}, {"model": "movie_quizzes.movie_image", "pk": 31, "fields": {"movie": 11, "image_url": "https://www.economytalk.kr/news/photo/201411/126463_3655_1015.jpg"}}, {"model": "movie_quizzes.movie_image", "pk": 32, "fields": {"movie": 11, "image_url": "http://www.mediaus.co.kr/news/photo/201011/14406_25652_1556.jpg"}}, {"model": "movie_quizzes.movie_image", "pk": 33, "fields": {"movie": 9, "image_url": "https://cdn.topstarnews.net/news/photo/201909/674018_381199_1711.jpg"}}, {"model": "movie_quizzes.movie_image", "pk": 34, "fields": {"movie": 9, "image_url": "http://image.yes24.com/images/chyes24/b/a/5/a/ba5ac01722f93abd5839b5d92f5a104c.jpg"}}, {"model": "movie_quizzes.movie_image", "pk": 35, "fields": {"movie": 9, "image_url": "http://image.yes24.com/images/chyes24/1/2/6/3/1263776f03ebb192b38eb3594c07e0d3.jpg"}}, {"model": "movie_quizzes.movie_image", "pk": 36, "fields": {"movie": 9, "image_url": "http://image.yes24.com/images/chyes24/c/d/5/1/cd515541f56dea9b581b1c2192238b4b.jpg"}}, {"model": "movie_quizzes.movie_image", "pk": 37, "fields": {"movie": 9, "image_url": "https://img3.daumcdn.net/thumb/R658x0.q70/?fname=https://t1.daumcdn.net/news/202105/25/feelthemovie/20210525085913085ynpp.jpg"}}, {"model": "movie_quizzes.movie_image", "pk": 38, "fields": {"movie": 9, "image_url": "https://img1.daumcdn.net/thumb/R658x0.q70/?fname=https://t1.daumcdn.net/news/202105/25/feelthemovie/20210525085915579zite.png"}}, {"model": "movie_quizzes.movie_image", "pk": 39, "fields": {"movie": 9, "image_url": "https://img4.daumcdn.net/thumb/R658x0.q70/?fname=https://t1.daumcdn.net/news/202105/25/feelthemovie/20210525085921109lgtp.jpg"}}, {"model": "movie_quizzes.movie_image", "pk": 40, "fields": {"movie": 9, "image_url": "http://www.newsa.co.kr/news/photo/201302/53913_40840_0000.jpg"}}, {"model": "movie_quizzes.famous_line", "pk": 1, "fields": {"movie": 1, "line": "아임 아이언맨", "line_initial": "ㅇㅇ ㅇㅇㅇㅁ"}}, {"model": "movie_quizzes.famous_line", "pk": 2, "fields": {"movie": 3, "line": "이거 방탄 유리야 이 개새끼야!", "line_initial": "ㅇㄱ ㅂㅌ ㅇㄹㅇ ㅇ ㄱㅅㄲㅇ!"}}, {"model": "movie_quizzes.famous_line", "pk": 3, "fields": {"movie": 3, "line": "금이빨 빼고 모조리 씹어먹어줄게", "line_initial": "ㄱㅇㅃ ㅃㄱ ㅁㅈㄹ ㅆㅇㅁㅇㅈㄱ"}}, {"model": "movie_quizzes.famous_line", "pk": 4, "fields": {"movie": 5, "line": "나 이대 나온 여자야", "line_initial": "ㄴ ㅇㄷ ㄴㅇ ㅇㅈㅇ"}}, {"model": "movie_quizzes.famous_line", "pk": 5, "fields": {"movie": 4, "line": "내가 니 시다바리가", "line_initial": "ㄴㄱ ㄴ ㅅㄷㅂㄹㄱ"}}, {"model": "movie_quizzes.famous_line", "pk": 6, "fields": {"movie": 4, "line": "니가 가라 하와이", "line_initial": "ㄴㄱ ㄱㄹ ㅎㅇㅇ"}}, {"model": "movie_quizzes.famous_line", "pk": 7, "fields": {"movie": 4, "line": "고마해라 마이 무따이가", "line_initial": "ㄱㅁㅎㄹ ㅁㅇ ㅁㄸㅇㄱ"}}, {"model": "movie_quizzes.famous_line", "pk": 8, "fields": {"movie": 5, "line": "동작 그만, 밑장빼기냐?", "line_initial": "ㄷㅈ ㄱㅁ, ㅁㅈㅃㄱㄴ?"}}, {"model": "movie_quizzes.famous_line", "pk": 9, "fields": {"movie": 7, "line": "모히또 가서 몰디브 한 잔?", "line_initial": "ㅁㅎㄸ ㄱㅅ ㅁㄷㅂ ㅎ ㅈ?"}}, {"model": "movie_quizzes.famous_line", "pk": 10, "fields": {"movie": 8, "line": "내가 왕이 될 상인가?", "line_initial": "ㄴㄱ ㅇㅇ ㄷ ㅅㅇㄱ?"}}, {"model": "movie_quizzes.famous_line", "pk": 11, "fields": {"movie": 10, "line": "초원이 다리는 백만불짜리 다리", "line_initial": "ㅊㅇㅇ ㄷㄹㄴ ㅂㅁㅂㅉㄹ ㄷㄹ"}}, {"model": "movie_quizzes.famous_line", "pk": 12, "fields": {"movie": 10, "line": "우리 아이에게는 장애가 있어요", "line_initial": "ㅇㄹ ㅇㅇㅇㄱㄴ ㅈㅇㄱ ㅇㅇㅇ"}}, {"model": "movie_quizzes.famous_line", "pk": 13, "fields": {"movie": 2, "line": "어이가 없네", "line_initial": "ㅇㅇㄱ ㅇㄴ"}}, {"model": "movie_quizzes.famous_line", "pk": 14, "fields": {"movie": 9, "line": "드루와 드루와", "line_initial": "ㄷㄹㅇ ㄷㄹㅇ"}}, {"model": "movie_quizzes.famous_line", "pk": 15, "fields": {"movie": 11, "line": "호의가 계속되면 그게 권리인줄 알아", "line_initial": "ㅎㅇㄱ ㄱㅅㄷㅁ ㄱㄱ ㄱㄹㅇㅈ ㅇㅇ"}}, {"model": "movie_quizzes.famous_line", "pk": 16, "fields": {"movie": 12, "line": "넌 나에게 모욕감을 줬어", "line_initial": "ㄴ ㄴㅇㄱ ㅁㅇㄱㅇ ㅈㅇ"}}, {"model": "movie_quizzes.famous_line", "pk": 17, "fields": {"movie": 13, "line": "뭣이 중헌디", "line_initial": "ㅁㅇ ㅈㅎㄷ"}}, {"model": "movie_quizzes.famous_line", "pk": 18, "fields": {"movie": 14, "line": "지금까지 이런 맛은 없었다 이것은 갈비인가 통닭인가", "line_initial": "ㅈㄱㄲㅈ ㅇㄹ ㅁㅇ ㅇㅇㄷ ㅇㄱㅇ ㄱㅂㅇㄱ ㅌㄷㅇㄱ"}}, {"model": "movie_quizzes.famous_line", "pk": 19, "fields": {"movie": 5, "line": "동작 그만 밑장빼기냐?", "line_initial": "ㄷㅈ ㄱㅁ ㅁㅈㅃㄱㄴ?"}}, {"model": "movie_quizzes.famous_line", "pk": 20, "fields": {"movie": 4, "line": "느그 아부지 뭐하시노?", "line_initial": "ㄴㄱ ㅇㅂㅈ ㅁㅎㅅㄴ?"}}, {"model": "movie_quizzes.famous_line", "pk": 21, "fields": {"movie": 5, "line": "묻고 더블로 가!", "line_initial": "ㅁㄱ ㄷㅂㄹ ㄱ!"}}, {"model": "movie_quizzes.famous_line", "pk": 22, "fields": {"movie": 6, "line": "내가 인마 느그 서장이랑 인마 어저께도 같이 밥 묵고! 싸우나도 같이 가고!", "line_initial": "ㄴㄱ ㅇㅁ ㄴㄱ ㅅㅈㅇㄹ ㅇㅁ ㅇㅈㄲㄷ ㄱㅇ ㅂ ㅁㄱ! ㅆㅇㄴㄷ ㄱㅇ ㄱㄱ!"}}, {"model": "movie_quizzes.famous_line", "pk": 23, "fields": {"movie": 15, "line": "밥은 먹고 다니냐?", "line_initial": "ㅂㅇ ㅁㄱ ㄷㄴㄴ?"}}, {"model": "movie_quizzes.famous_line", "pk": 24, "fields": {"movie": 16, "line": "누구냐 넌?", "line_initial": "ㄴㄱㄴ ㄴ?"}}, {"model": "movie_quizzes.famous_line", "pk": 25, "fields": {"movie": 5, "line": "싸늘하다 가슴에 비수가 날아와 꽃힌다.", "line_initial": "ㅆㄴㅎㄷ ㄱㅅㅇ ㅂㅅㄱ ㄴㅇㅇ ㄲㅎㄷ"}}, {"model": "movie_quizzes.famous_line", "pk": 26, "fields": {"movie": 5, "line": "내가 빙다리 핫바지로 보이냐?", "line_initial": "ㄴㄱ ㅂㄷㄹ ㅎㅂㅈㄹ ㅂㅇㄴ?"}}, {"model": "movie_quizzes.famous_line", "pk": 27, "fields": {"movie": 9, "line": "죽기 딱 좋은 날씨네", "line_initial": "ㅈㄱ ㄸ ㅈㅇ ㄴㅆㄴ"}}, {"model": "movie_quizzes.famous_line", "pk": 28, "fields": {"movie": 9, "line": "살려는 드릴게", "line_initial": "ㅅㄹㄴ ㄷㄹㄱ"}}, {"model": "movie_quizzes.famous_line", "pk": 29, "fields": {"movie": 6, "line": "살아있네", "line_initial": "ㅅㅇㅇㄴ"}}, {"model": "movie_quizzes.famous_line", "pk": 30, "fields": {"movie": 3, "line": "아직 한 발 남았다", "line_initial": "ㅇㅈ ㅎ ㅂ ㄴㅇㄷ"}}, {"model": "movie_quizzes.famous_line", "pk": 31, "fields": {"movie": 17, "line": "꼭 그렇게 다 가져 가야만 속이 후련했냐!", "line_initial": "ㄲ ㄱㄹㄱ ㄷ ㄱㅈ ㄱㅇㅁ ㅅㅇ ㅎㄹㅎㄴ!"}}, {"model": "movie_quizzes.famous_line", "pk": 32, "fields": {"movie": 7, "line": "요썰고", "line_initial": "ㅇㅆㄱ"}}, {"model": "movie_quizzes.famous_line", "pk": 33, "fields": {"movie": 3, "line": "내일만 사는 놈은 오늘만 사는 놈한테 죽는다", "line_initial": "ㄴㅇㅁ ㅅㄴ ㄴㅇ ㅇㄴㅁ ㅅㄴ ㄴㅎㅌ ㅈㄴㄷ"}}, {"model": "movie_quizzes.famous_line", "pk": 34, "fields": {"movie": 18, "line": "라면 먹을래요?", "line_initial": "ㄹㅁ ㅁㅇㄹㅇ?"}}]